{
    "parent": "minecraft:item/generated",
    "textures": {
      "layer0": "minecraft:item/black_dye"
    },
    "overrides": [
      {"predicate": {"custom_model_data":100}, "model": "item/cat_ears"},
      {"predicate": {"custom_model_data":42001}, "model": "item/headband"},
      {"predicate": {"custom_model_data":100001}, "model": "item/santa_hat"},
      {"predicate": {"custom_model_data":100002}, "model": "item/santa_hat_back"},
      {"predicate": {"custom_model_data":100003}, "model": "item/wreath"}
    ]
  }