{"credit":"MadewithBlockbench","texture_size":[128,128],"textures":{"0":"item/casino_table_craps","particle":"item/casino_table_craps"},"elements":[{"from":[-16,13,-4],"to":[32,16,20],"faces":{"north":{"uv":[0,0,6,0.375],"texture":"#0"},"east":{"uv":[0,6.375,3,6.75],"texture":"#0"},"south":{"uv":[0,0,6,0.375],"texture":"#0"},"west":{"uv":[0,6.375,3,6.75],"texture":"#0"},"up":{"uv":[6,3.375,0,0.375],"texture":"#0"},"down":{"uv":[6,3.375,0,6.375],"texture":"#0"}}},{"from":[30,16,-4],"to":[32,20,20],"faces":{"north":{"uv":[6.25,1,6.5,1.5],"texture":"#0"},"east":{"uv":[6.25,0,9.25,0.5],"texture":"#0"},"south":{"uv":[6.5,1,6.25,1.5],"texture":"#0"},"west":{"uv":[6.25,0.5,9.25,1],"texture":"#0"},"up":{"uv":[6.25,3,6,0],"texture":"#0"}}},{"from":[-16,16,-4],"to":[-14,20,20],"rotation":{"angle":0,"axis":"y","origin":[16,0,0]},"faces":{"north":{"uv":[6.5,1,6.25,1.5],"texture":"#0"},"east":{"uv":[6.25,0.5,9.25,1],"texture":"#0"},"south":{"uv":[6.25,1,6.5,1.5],"texture":"#0"},"west":{"uv":[9.25,0,6.25,0.5],"texture":"#0"},"up":{"uv":[6,3,6.25,0],"texture":"#0"}}},{"from":[1,16,-4],"to":[15,18,-2],"faces":{"north":{"uv":[6,4.25,7.75,4.5],"texture":"#0"},"east":{"uv":[7.75,4.25,8,4.5],"texture":"#0"},"south":{"uv":[6,4.5,7.75,4.75],"texture":"#0"},"west":{"uv":[7.75,4.25,8,4.5],"texture":"#0"},"up":{"uv":[7.75,5,6,4.75],"texture":"#0"}}},{"from":[21,0,9.5],"to":[25,2,11.5],"rotation":{"angle":-45,"axis":"y","origin":[21.5,1.5,10.5]},"faces":{"north":{"uv":[6.75,2.25,7.25,2.5],"texture":"#0"},"east":{"uv":[7.25,2.25,7.5,2.5],"texture":"#0"},"south":{"uv":[7.25,2.25,6.75,2.5],"texture":"#0"},"west":{"uv":[7.25,2.25,7.5,2.5],"texture":"#0"},"up":{"uv":[8,2.5,7.5,2.25],"texture":"#0"},"down":{"uv":[7.25,2.5,6.75,2.75],"texture":"#0"}}},{"from":[21,0,4.5],"to":[25,2,6.5],"rotation":{"angle":45,"axis":"y","origin":[21.5,1,5.5]},"faces":{"north":{"uv":[6.75,2.25,7.25,2.5],"texture":"#0"},"east":{"uv":[7.25,2.25,7.5,2.5],"texture":"#0"},"south":{"uv":[7.25,2.25,6.75,2.5],"texture":"#0"},"west":{"uv":[7.25,2.25,7.5,2.5],"texture":"#0"},"up":{"uv":[8,2.5,7.5,2.25],"texture":"#0"},"down":{"uv":[7.25,2.5,6.75,2.75],"texture":"#0"}}},{"from":[13,0,4.5],"to":[17,2,6.5],"rotation":{"angle":-45,"axis":"y","origin":[16.5,1,5.5]},"faces":{"north":{"uv":[7.25,2.25,6.75,2.5],"texture":"#0"},"east":{"uv":[7.5,2.25,7.25,2.5],"texture":"#0"},"south":{"uv":[6.75,2.25,7.25,2.5],"texture":"#0"},"west":{"uv":[7.5,2.25,7.25,2.5],"texture":"#0"},"up":{"uv":[7.5,2.5,8,2.25],"texture":"#0"},"down":{"uv":[6.75,2.5,7.25,2.75],"texture":"#0"}}},{"from":[13,0,9.5],"to":[17,2,11.5],"rotation":{"angle":45,"axis":"y","origin":[16.5,1.5,10.5]},"faces":{"north":{"uv":[7.25,2.25,6.75,2.5],"texture":"#0"},"east":{"uv":[7.5,2.25,7.25,2.5],"texture":"#0"},"south":{"uv":[6.75,2.25,7.25,2.5],"texture":"#0"},"west":{"uv":[7.5,2.25,7.25,2.5],"texture":"#0"},"up":{"uv":[7.5,2.5,8,2.25],"texture":"#0"},"down":{"uv":[6.75,2.5,7.25,2.75],"texture":"#0"}}},{"from":[17,3,6],"to":[21,10,10],"rotation":{"angle":0,"axis":"y","origin":[0,16,2]},"faces":{"north":{"uv":[6,3.125,6.5,4],"texture":"#0"},"east":{"uv":[6,3.125,6.5,4],"texture":"#0"},"south":{"uv":[6,3.125,6.5,4],"texture":"#0"},"west":{"uv":[6,3.125,6.5,4],"texture":"#0"}}},{"from":[16,10,5],"to":[22,13,11],"rotation":{"angle":0,"axis":"y","origin":[0,0,2]},"faces":{"north":{"uv":[6.5,3.875,7.25,4.25],"texture":"#0"},"east":{"uv":[6.5,3.875,7.25,4.25],"texture":"#0"},"south":{"uv":[6.5,3.875,7.25,4.25],"texture":"#0"},"west":{"uv":[6.5,3.875,7.25,4.25],"texture":"#0"},"up":{"uv":[7.25,3.875,6.5,3.125],"texture":"#0"},"down":{"uv":[7.25,3.125,6.5,3.875],"texture":"#0"}}},{"from":[16,0,5],"to":[22,3,11],"rotation":{"angle":0,"axis":"y","origin":[0,16,2]},"faces":{"north":{"uv":[6.5,4.25,7.25,3.875],"texture":"#0"},"east":{"uv":[6.5,4.25,7.25,3.875],"texture":"#0"},"south":{"uv":[6.5,4.25,7.25,3.875],"texture":"#0"},"west":{"uv":[6.5,4.25,7.25,3.875],"texture":"#0"},"up":{"uv":[7.25,3.875,6.5,3.125],"texture":"#0"},"down":{"uv":[8,3.125,7.25,3.875],"texture":"#0"}}},{"from":[-9,0,9.5],"to":[-5,2,11.5],"rotation":{"angle":45,"axis":"y","origin":[-5.5,1.5,10.5]},"faces":{"north":{"uv":[7.25,2.25,6.75,2.5],"texture":"#0"},"east":{"uv":[7.5,2.25,7.25,2.5],"texture":"#0"},"south":{"uv":[6.75,2.25,7.25,2.5],"texture":"#0"},"west":{"uv":[7.5,2.25,7.25,2.5],"texture":"#0"},"up":{"uv":[7.5,2.5,8,2.25],"texture":"#0"},"down":{"uv":[6.75,2.5,7.25,2.75],"texture":"#0"}}},{"from":[-5,3,6],"to":[-1,10,10],"rotation":{"angle":0,"axis":"y","origin":[16,16,2]},"faces":{"north":{"uv":[6.5,3.125,6,4],"texture":"#0"},"east":{"uv":[6.5,3.125,6,4],"texture":"#0"},"south":{"uv":[6.5,3.125,6,4],"texture":"#0"},"west":{"uv":[6.5,3.125,6,4],"texture":"#0"}}},{"from":[-6,10,5],"to":[0,13,11],"rotation":{"angle":0,"axis":"y","origin":[16,0,2]},"faces":{"north":{"uv":[7.25,3.875,6.5,4.25],"texture":"#0"},"east":{"uv":[7.25,3.875,6.5,4.25],"texture":"#0"},"south":{"uv":[7.25,3.875,6.5,4.25],"texture":"#0"},"west":{"uv":[7.25,3.875,6.5,4.25],"texture":"#0"},"up":{"uv":[6.5,3.875,7.25,3.125],"texture":"#0"},"down":{"uv":[6.5,3.125,7.25,3.875],"texture":"#0"}}},{"from":[-6,0,5],"to":[0,3,11],"rotation":{"angle":0,"axis":"y","origin":[16,16,2]},"faces":{"north":{"uv":[7.25,4.25,6.5,3.875],"texture":"#0"},"east":{"uv":[7.25,4.25,6.5,3.875],"texture":"#0"},"south":{"uv":[7.25,4.25,6.5,3.875],"texture":"#0"},"west":{"uv":[7.25,4.25,6.5,3.875],"texture":"#0"},"up":{"uv":[6.5,3.875,7.25,3.125],"texture":"#0"},"down":{"uv":[7.25,3.125,8,3.875],"texture":"#0"}}},{"from":[-9,0,4.5],"to":[-5,2,6.5],"rotation":{"angle":-45,"axis":"y","origin":[-5.5,1,5.5]},"faces":{"north":{"uv":[7.25,2.25,6.75,2.5],"texture":"#0"},"east":{"uv":[7.5,2.25,7.25,2.5],"texture":"#0"},"south":{"uv":[6.75,2.25,7.25,2.5],"texture":"#0"},"west":{"uv":[7.5,2.25,7.25,2.5],"texture":"#0"},"up":{"uv":[7.5,2.5,8,2.25],"texture":"#0"},"down":{"uv":[6.75,2.5,7.25,2.75],"texture":"#0"}}},{"from":[-1,0,9.5],"to":[3,2,11.5],"rotation":{"angle":-45,"axis":"y","origin":[-0.5,1.5,10.5]},"faces":{"north":{"uv":[6.75,2.25,7.25,2.5],"texture":"#0"},"east":{"uv":[7.25,2.25,7.5,2.5],"texture":"#0"},"south":{"uv":[7.25,2.25,6.75,2.5],"texture":"#0"},"west":{"uv":[7.25,2.25,7.5,2.5],"texture":"#0"},"up":{"uv":[8,2.5,7.5,2.25],"texture":"#0"},"down":{"uv":[7.25,2.5,6.75,2.75],"texture":"#0"}}},{"from":[-1,0,4.5],"to":[3,2,6.5],"rotation":{"angle":45,"axis":"y","origin":[-0.5,1,5.5]},"faces":{"north":{"uv":[6.75,2.25,7.25,2.5],"texture":"#0"},"east":{"uv":[7.25,2.25,7.5,2.5],"texture":"#0"},"south":{"uv":[7.25,2.25,6.75,2.5],"texture":"#0"},"west":{"uv":[7.25,2.25,7.5,2.5],"texture":"#0"},"up":{"uv":[8,2.5,7.5,2.25],"texture":"#0"},"down":{"uv":[7.25,2.5,6.75,2.75],"texture":"#0"}}},{"from":[-1,3,7],"to":[17,4,9],"rotation":{"angle":0,"axis":"y","origin":[16,0,2]},"faces":{"north":{"uv":[6.25,3,8.5,3.125],"texture":"#0"},"south":{"uv":[6.25,3,8.5,3.125],"texture":"#0"},"up":{"uv":[8.5,3,6.25,2.75],"texture":"#0"},"down":{"uv":[8.5,3,6.25,2.75],"texture":"#0"}}},{"from":[15,16,-4],"to":[30,20,-2],"rotation":{"angle":0,"axis":"y","origin":[16,0,0]},"faces":{"north":{"uv":[6.5,1,8.375,1.5],"texture":"#0"},"south":{"uv":[6.5,1.5,8.375,2],"texture":"#0"},"west":{"uv":[6.5,2.25,6.75,2.75],"texture":"#0"},"up":{"uv":[8.375,2.25,6.5,2],"texture":"#0"}}},{"from":[-14,16,-4],"to":[1,20,-2],"faces":{"north":{"uv":[8.375,1,6.5,1.5],"texture":"#0"},"east":{"uv":[6.75,2.25,6.5,2.75],"texture":"#0"},"south":{"uv":[8.375,1.5,6.5,2],"texture":"#0"},"up":{"uv":[6.5,2.25,8.375,2],"texture":"#0"}}},{"from":[-14,16,18],"to":[1,20,20],"rotation":{"angle":0,"axis":"y","origin":[0,0,16]},"faces":{"north":{"uv":[6.5,1.5,8.375,2],"texture":"#0"},"east":{"uv":[6.5,2.25,6.75,2.75],"texture":"#0"},"south":{"uv":[6.5,1,8.375,1.5],"texture":"#0"},"up":{"uv":[6.5,2,8.375,2.25],"texture":"#0"}}},{"from":[1,16,18],"to":[15,18,20],"rotation":{"angle":0,"axis":"y","origin":[0,0,16]},"faces":{"north":{"uv":[7.75,4.5,6,4.75],"texture":"#0"},"east":{"uv":[8,4.25,7.75,4.5],"texture":"#0"},"south":{"uv":[7.75,4.25,6,4.5],"texture":"#0"},"west":{"uv":[8,4.25,7.75,4.5],"texture":"#0"},"up":{"uv":[7.75,4.75,6,5],"texture":"#0"}}},{"from":[15,16,18],"to":[30,20,20],"rotation":{"angle":0,"axis":"y","origin":[16,0,16]},"faces":{"north":{"uv":[8.375,1.5,6.5,2],"texture":"#0"},"south":{"uv":[8.375,1,6.5,1.5],"texture":"#0"},"west":{"uv":[6.75,2.25,6.5,2.75],"texture":"#0"},"up":{"uv":[8.375,2,6.5,2.25],"texture":"#0"}}}],"gui_light":"front","display":{"thirdperson_righthand":{"scale":[0.25,0.25,0.25]},"thirdperson_lefthand":{"scale":[0.25,0.25,0.25]},"firstperson_righthand":{"scale":[0.22,0.22,0.22]},"firstperson_lefthand":{"translation":[-3,0,0],"scale":[0.22,0.22,0.22]},"ground":{"translation":[0,1.75,0],"scale":[0.27,0.27,0.27]},"gui":{"rotation":[31,135,0],"translation":[0.25,-1.25,0],"scale":[0.23,0.23,0.23]},"head":{"translation":[0,-30.5,0],"scale":[1.6,1.6,1.6]},"fixed":{"translation":[0,-2,-6.25],"scale":[0.38,0.38,0.38]}}}