{
	"credit": "Made by Obey#0001",
	"textures": {
		"1": "item/white"
	},
	"elements": [
		{
			"from": [6.5, 0, 7.5],
			"to": [9.5, 2, 8.5],
			"rotation": {"angle": 0, "axis": "y", "origin": [6.5, 0, 0]},
			"faces": {
				"north": {"uv": [0.5, 13.25, 1.25, 13.75], "texture": "#2"},
				"east": {"uv": [0.5, 13.25, 0.25, 13.75], "texture": "#2"},
				"west": {"uv": [1.25, 13.75, 1.5, 13.25], "texture": "#2"},
				"up": {"uv": [1.25, 13, 0.5, 13.25], "texture": "#2"},
				"down": {"uv": [1.25, 14, 0.5, 13.75], "texture": "#2"}
			}
		},
		{
			"from": [5, -2, 8],
			"to": [7, -1.5, 8],
			"rotation": {"angle": 22.5, "axis": "z", "origin": [0, 0.5, 0]},
			"faces": {
				"north": {"uv": [0, 0, 2, 0.5], "texture": "#1"},
				"east": {"uv": [0, 0, 0, 0.5], "texture": "#1"},
				"south": {"uv": [0, 0, 2, 0.5], "texture": "#1"},
				"west": {"uv": [0, 0, 0, 0.5], "texture": "#1"},
				"up": {"uv": [0, 0, 2, 0], "texture": "#1"},
				"down": {"uv": [0, 0, 2, 0], "texture": "#1"}
			}
		},
		{
			"from": [5.25, 0.75, 8],
			"to": [6.75, 1.25, 8],
			"rotation": {"angle": 0, "axis": "y", "origin": [0, 0.5, 0]},
			"faces": {
				"north": {"uv": [0, 0, 1.5, 0.5], "texture": "#1"},
				"east": {"uv": [0, 0, 0, 0.5], "texture": "#1"},
				"south": {"uv": [0, 0, 1.5, 0.5], "texture": "#1"},
				"west": {"uv": [0, 0, 0, 0.5], "texture": "#1"},
				"up": {"uv": [0, 0, 1.5, 0], "texture": "#1"},
				"down": {"uv": [0, 0, 1.5, 0], "texture": "#1"}
			}
		},
		{
			"from": [4.75, 3.5, 8],
			"to": [6.75, 4, 8],
			"rotation": {"angle": -22.5, "axis": "z", "origin": [0, 0.5, 0]},
			"faces": {
				"north": {"uv": [0, 0, 2, 0.5], "texture": "#1"},
				"east": {"uv": [0, 0, 0, 0.5], "texture": "#1"},
				"south": {"uv": [0, 0, 2, 0.5], "texture": "#1"},
				"west": {"uv": [0, 0, 0, 0.5], "texture": "#1"},
				"up": {"uv": [0, 0, 2, 0], "texture": "#1"},
				"down": {"uv": [0, 0, 2, 0], "texture": "#1"}
			}
		},
		{
			"from": [9.25, 0.75, 8],
			"to": [10.75, 1.25, 8],
			"rotation": {"angle": 0, "axis": "y", "origin": [0, 0.5, 0]},
			"faces": {
				"north": {"uv": [0, 0, 1.5, 0.5], "texture": "#1"},
				"east": {"uv": [0, 0, 0, 0.5], "texture": "#1"},
				"south": {"uv": [0, 0, 1.5, 0.5], "texture": "#1"},
				"west": {"uv": [0, 0, 0, 0.5], "texture": "#1"},
				"up": {"uv": [0, 0, 1.5, 0], "texture": "#1"},
				"down": {"uv": [0, 0, 1.5, 0], "texture": "#1"}
			}
		},
		{
			"from": [8, -2.6, 8],
			"to": [10, -2.1, 8],
			"rotation": {"angle": 22.5, "axis": "z", "origin": [0, 0.5, 0]},
			"faces": {
				"north": {"uv": [0, 0, 2, 0.5], "texture": "#1"},
				"east": {"uv": [0, 0, 0, 0.5], "texture": "#1"},
				"south": {"uv": [0, 0, 2, 0.5], "texture": "#1"},
				"west": {"uv": [0, 0, 0, 0.5], "texture": "#1"},
				"up": {"uv": [0, 0, 2, 0], "texture": "#1"},
				"down": {"uv": [0, 0, 2, 0], "texture": "#1"}
			}
		},
		{
			"from": [7.75, 4.1, 8],
			"to": [9.75, 4.6, 8],
			"rotation": {"angle": -22.5, "axis": "z", "origin": [0, 0.5, 0]},
			"faces": {
				"north": {"uv": [0, 0, 2, 0.5], "texture": "#1"},
				"east": {"uv": [0, 0, 0, 0.5], "texture": "#1"},
				"south": {"uv": [0, 0, 2, 0.5], "texture": "#1"},
				"west": {"uv": [0, 0, 0, 0.5], "texture": "#1"},
				"up": {"uv": [0, 0, 2, 0], "texture": "#1"},
				"down": {"uv": [0, 0, 2, 0], "texture": "#1"}
			}
		}
	],
	"display": {
		"thirdperson_righthand": {
			"rotation": [66.76, -59.77, 22.14],
			"translation": [-0.75, 3, 2.25],
			"scale": [0.5, 0.5, 0.5]
		},
		"thirdperson_lefthand": {
			"rotation": [66.76, -59.77, 22.14],
			"translation": [-0.75, 3, 2.25],
			"scale": [0.5, 0.5, 0.5]
		},
		"firstperson_righthand": {
			"rotation": [168, 70.75, -180],
			"translation": [0, 8.25, 0]
		},
		"firstperson_lefthand": {
			"rotation": [168, 70.75, -180],
			"translation": [0, 8.25, 0]
		},
		"ground": {
			"translation": [0, 4, 0]
		},
		"gui": {
			"rotation": [-163.63, 48.87, -177.8],
			"translation": [0, 11, 0.5],
			"scale": [2.15664, 2.15664, 2.15664]
		},
		"head": {
			"translation": [0, 5, -6.75],
			"scale": [1.38281, 1.38281, 1.38281]
		},
		"fixed": {
			"translation": [0, 18.5, -0.25],
			"scale": [3.25195, 3.25195, 3.25195]
		}
	}
}