{
	"credit": "Made by Obey#0001",
	"parent": "headband",
	"textures": {
		"0": "item/headband",
		"particle": "item/headband"
	},
	"elements": [
		{
			"from": [4, 7, 7.5],
			"to": [12, 8, 8.5],
			"rotation": {"angle": 0, "axis": "y", "origin": [8, 8, 8]},
			"faces": {
				"north": {"uv": [8, 12, 16, 13], "texture": "#0"},
				"east": {"uv": [14, 12, 15, 13], "texture": "#0"},
				"south": {"uv": [8, 12, 16, 13], "texture": "#0"},
				"west": {"uv": [8, 13, 9, 14], "texture": "#0"},
				"up": {"uv": [8, 11, 16, 12], "texture": "#0"},
				"down": {"uv": [8, 13, 16, 14], "texture": "#0"}
			}
		},
		{
			"from": [4.5, 7.4, 6.5],
			"to": [11.5, 7.5, 9.5],
			"rotation": {"angle": 0, "axis": "y", "origin": [8, 8, 8]},
			"faces": {
				"north": {"uv": [15, 15, 16, 16], "texture": "#0"},
				"east": {"uv": [16, 16, 16, 15.1], "texture": "#0"},
				"south": {"uv": [15, 15, 16, 16], "texture": "#0"},
				"west": {"uv": [15, 15.9, 16, 16], "texture": "#0"},
				"up": {"uv": [6, 0, 13, 3], "texture": "#0"},
				"down": {"uv": [15, 15, 16, 16], "texture": "#0"}
			}
		},
		{
			"from": [4, 4, 7.5],
			"to": [5, 7, 8.5],
			"rotation": {"angle": 0, "axis": "y", "origin": [8, 8, 8]},
			"faces": {
				"north": {"uv": [14, 8, 15, 11], "texture": "#0"},
				"east": {"uv": [15, 8, 16, 11], "texture": "#0"},
				"south": {"uv": [14, 8, 15, 11], "texture": "#0"},
				"west": {"uv": [13, 8, 14, 11], "texture": "#0"},
				"up": {"uv": [15, 8, 16, 9], "rotation": 90, "texture": "#0"},
				"down": {"uv": [13, 11, 14, 10], "rotation": 90, "texture": "#0"}
			}
		},
		{
			"from": [4.5, 4.5, 6.5],
			"to": [4.6, 7.5, 9.5],
			"rotation": {"angle": 0, "axis": "y", "origin": [8, 8, 8]},
			"faces": {
				"north": {"uv": [15, 15, 16, 16], "texture": "#0"},
				"east": {"uv": [15, 15, 16, 16], "texture": "#0"},
				"south": {"uv": [16, 15, 15.1, 16], "texture": "#0"},
				"west": {"uv": [13, 0, 16, 3], "texture": "#0"},
				"up": {"uv": [15, 14.9, 16, 16], "rotation": 90, "texture": "#0"},
				"down": {"uv": [15, 14.9, 16, 16], "rotation": 90, "texture": "#0"}
			}
		},
		{
			"from": [11.4, 4.5, 6.5],
			"to": [11.5, 7.5, 9.5],
			"rotation": {"angle": 0, "axis": "y", "origin": [8, 8, 8]},
			"faces": {
				"north": {"uv": [15, 15, 16, 16], "texture": "#0"},
				"east": {"uv": [13, 0, 16, 3], "texture": "#0"},
				"south": {"uv": [16, 16, 16, 16], "texture": "#0"},
				"west": {"uv": [15, 15, 16, 16], "texture": "#0"},
				"up": {"uv": [15, 14.9, 16, 16], "rotation": 90, "texture": "#0"},
				"down": {"uv": [15, 14.9, 16, 16], "rotation": 90, "texture": "#0"}
			}
		},
		{
			"from": [11, 4, 7.5],
			"to": [12, 7, 8.5],
			"rotation": {"angle": 0, "axis": "y", "origin": [8, 8, 8]},
			"faces": {
				"north": {"uv": [14, 8, 15, 11], "texture": "#0"},
				"east": {"uv": [13, 8, 14, 11], "texture": "#0"},
				"south": {"uv": [14, 8, 15, 11], "texture": "#0"},
				"west": {"uv": [15, 8, 16, 11], "texture": "#0"},
				"up": {"uv": [15, 8, 16, 9], "rotation": 90, "texture": "#0"},
				"down": {"uv": [13, 10, 14, 11], "rotation": 90, "texture": "#0"}
			}
		},
		{
			"from": [4, 7, 8.5],
			"to": [12, 9, 8.51],
			"rotation": {"angle": 22.5, "axis": "x", "origin": [8, 7, 8.5]},
			"faces": {
				"north": {"uv": [0, 11, 8, 13], "texture": "#0"},
				"east": {"uv": [14.9, 15, 16, 16], "texture": "#0"},
				"south": {"uv": [0, 11, 8, 13], "texture": "#0"},
				"west": {"uv": [14.9, 15, 16, 16], "texture": "#0"},
				"up": {"uv": [15, 14.9, 16, 16], "texture": "#0"},
				"down": {"uv": [15, 14.9, 16, 16], "texture": "#0"}
			}
		},
		{
			"from": [4, 7, 7.4],
			"to": [12, 10, 7.5],
			"rotation": {"angle": -22.5, "axis": "x", "origin": [8, 7, 7.5]},
			"faces": {
				"north": {"uv": [16, 15, 16, 16], "texture": "#0"},
				"east": {"uv": [15.9, 15, 16, 16], "texture": "#0"},
				"south": {"uv": [0, 13, 8, 16], "texture": "#0"},
				"west": {"uv": [15.9, 15, 16, 16], "texture": "#0"},
				"up": {"uv": [14, 14.9, 16, 16], "texture": "#0"},
				"down": {"uv": [14, 14.9, 16, 16], "texture": "#0"}
			}
		},
		{
			"from": [11, 4, 8.5],
			"to": [12, 8, 8.51],
			"rotation": {"angle": -22.5, "axis": "y", "origin": [11, 8, 8.5]},
			"faces": {
				"north": {"uv": [5, 6, 6, 10], "texture": "#0"},
				"east": {"uv": [15, 15, 15.1, 16], "texture": "#0"},
				"south": {"uv": [5, 6, 6, 10], "texture": "#0"},
				"west": {"uv": [15, 15, 15.1, 16], "texture": "#0"},
				"up": {"uv": [15, 15, 16, 15], "texture": "#0"},
				"down": {"uv": [15, 15, 16, 15], "texture": "#0"}
			}
		},
		{
			"from": [11, 4, 7.4],
			"to": [13, 8, 7.5],
			"rotation": {"angle": 22.5, "axis": "y", "origin": [11, 8, 7.5]},
			"faces": {
				"north": {"uv": [15, 15, 16, 16], "texture": "#0"},
				"east": {"uv": [15, 15, 15, 16], "texture": "#0"},
				"south": {"uv": [2, 6, 4, 10], "texture": "#0"},
				"west": {"uv": [15, 15, 15, 16], "texture": "#0"},
				"up": {"uv": [15, 15, 16, 15], "texture": "#0"},
				"down": {"uv": [15, 15, 16, 15], "texture": "#0"}
			}
		},
		{
			"from": [4, 4, 8.5],
			"to": [5, 8, 8.51],
			"rotation": {"angle": 22.5, "axis": "y", "origin": [5, 8, 8.5]},
			"faces": {
				"north": {"uv": [0, 6, 1, 10], "texture": "#0"},
				"east": {"uv": [15, 15, 15.1, 16], "texture": "#0"},
				"south": {"uv": [5, 6, 6, 10], "texture": "#0"},
				"west": {"uv": [15, 15, 15.1, 16], "texture": "#0"},
				"up": {"uv": [15, 15, 16, 15], "rotation": 180, "texture": "#0"},
				"down": {"uv": [15, 15, 16, 15], "rotation": 180, "texture": "#0"}
			}
		},
		{
			"from": [3, 4, 7.4],
			"to": [5, 8, 7.5],
			"rotation": {"angle": -22.5, "axis": "y", "origin": [5, 8, 7.5]},
			"faces": {
				"north": {"uv": [15, 15, 16, 16], "texture": "#0"},
				"east": {"uv": [15, 15, 15.05, 16], "texture": "#0"},
				"south": {"uv": [2, 6, 4, 10], "texture": "#0"},
				"west": {"uv": [15, 15, 15.05, 16], "texture": "#0"},
				"up": {"uv": [15, 15, 16, 15.025], "rotation": 180, "texture": "#0"},
				"down": {"uv": [15, 15, 16, 15.025], "rotation": 180, "texture": "#0"}
			}
		},
		{
			"from": [3.9, 4, 5],
			"to": [3.91, 9, 10],
			"rotation": {"angle": 45, "axis": "x", "origin": [8, 6, 8]},
			"faces": {
				"north": {"uv": [15, 15, 15, 16], "rotation": 180, "texture": "#0"},
				"east": {"uv": [7, 6, 12, 11], "texture": "#0"},
				"south": {"uv": [15, 15, 15, 16], "texture": "#0"},
				"west": {"uv": [7, 6, 12, 11], "rotation": 270, "texture": "#0"},
				"up": {"uv": [15, 15, 15, 16], "texture": "#0"},
				"down": {"uv": [15, 15, 15, 16], "rotation": 180, "texture": "#0"}
			}
		},
		{
			"from": [3.95, 1, 7],
			"to": [3.96, 6, 8],
			"rotation": {"angle": 22.5, "axis": "x", "origin": [8.1, 6, 8]},
			"faces": {
				"north": {"uv": [15, 15, 15, 16], "rotation": 180, "texture": "#0"},
				"east": {"uv": [12, 6, 13, 10], "texture": "#0"},
				"south": {"uv": [15, 15, 15, 16], "texture": "#0"},
				"west": {"uv": [12, 6, 13, 10], "texture": "#0"},
				"up": {"uv": [15, 15, 15, 16], "texture": "#0"},
				"down": {"uv": [15, 15, 15, 16], "rotation": 180, "texture": "#0"}
			}
		},
		{
			"from": [3.95, 1, 8],
			"to": [3.96, 6, 9],
			"rotation": {"angle": -22.5, "axis": "x", "origin": [8.1, 6, 8]},
			"faces": {
				"north": {"uv": [15, 15, 15, 16], "rotation": 180, "texture": "#0"},
				"east": {"uv": [12, 6, 13, 10], "texture": "#0"},
				"south": {"uv": [15, 15, 15, 16], "texture": "#0"},
				"west": {"uv": [12, 6, 13, 10], "texture": "#0"},
				"up": {"uv": [15, 15, 15, 16], "texture": "#0"},
				"down": {"uv": [15, 15, 15, 16], "rotation": 180, "texture": "#0"}
			}
		},
		{
			"from": [11.95, 1, 7],
			"to": [11.96, 6, 8],
			"rotation": {"angle": 22.5, "axis": "x", "origin": [16, 6, 8]},
			"faces": {
				"north": {"uv": [15, 15, 15, 16], "rotation": 180, "texture": "#0"},
				"east": {"uv": [12, 10, 13, 6], "rotation": 180, "texture": "#0"},
				"south": {"uv": [15, 15, 15, 16], "texture": "#0"},
				"west": {"uv": [12, 6, 13, 10], "rotation": 270, "texture": "#0"},
				"up": {"uv": [15, 15, 15, 16], "texture": "#0"},
				"down": {"uv": [15, 15, 15, 16], "rotation": 180, "texture": "#0"}
			}
		},
		{
			"from": [11.95, 1, 8],
			"to": [11.96, 6, 9],
			"rotation": {"angle": -22.5, "axis": "x", "origin": [16, 6, 8]},
			"faces": {
				"north": {"uv": [15, 15, 15, 16], "rotation": 180, "texture": "#0"},
				"east": {"uv": [12, 6, 13, 10], "texture": "#0"},
				"south": {"uv": [15, 15, 15, 16], "texture": "#0"},
				"west": {"uv": [12, 10, 13, 6], "rotation": 180, "texture": "#0"},
				"up": {"uv": [15, 15, 15, 16], "texture": "#0"},
				"down": {"uv": [15, 15, 15, 16], "rotation": 180, "texture": "#0"}
			}
		},
		{
			"from": [12, 4, 5],
			"to": [12.01, 9, 10],
			"rotation": {"angle": 45, "axis": "x", "origin": [8, 6, 8]},
			"faces": {
				"north": {"uv": [15, 15, 15, 16], "rotation": 180, "texture": "#0"},
				"east": {"uv": [7, 6, 12, 11], "texture": "#0"},
				"south": {"uv": [15, 15, 15, 16], "texture": "#0"},
				"west": {"uv": [7, 6, 12, 11], "rotation": 270, "texture": "#0"},
				"up": {"uv": [15, 15, 15, 16], "texture": "#0"},
				"down": {"uv": [15, 15, 15, 16], "rotation": 180, "texture": "#0"}
			}
		}
	],
	"display": {
		"thirdperson_righthand": {
			"rotation": [66.76, -59.77, 22.14],
			"translation": [-0.75, 2.25, 1.25],
			"scale": [0.5, 0.5, 0.5]
		},
		"thirdperson_lefthand": {
			"rotation": [66.76, -59.77, 22.14],
			"translation": [-0.75, 2.25, 1.25],
			"scale": [0.5, 0.5, 0.5]
		},
		"firstperson_righthand": {
			"rotation": [168, 70.75, -180],
			"translation": [0, 2.25, 0],
			"scale": [0.55, 0.55, 0.55]
		},
		"firstperson_lefthand": {
			"rotation": [168, 70.75, -180],
			"translation": [0, 2.25, 0],
			"scale": [0.55, 0.55, 0.55]
		},
		"ground": {
			"translation": [0, -0.75, 0],
			"scale": [0.6, 0.6, 0.6]
		},
		"gui": {
			"rotation": [-163.63, 48.87, -177.8],
			"translation": [0, -0.75, 0.5],
			"scale": [0.85, 0.85, 0.85]
		},
		"head": {
			"translation": [0, 7.5, 0],
			"scale": [1.85, 1.85, 1.85]
		}
	}
}