{
    "parent": "minecraft:item/handheld",
    "textures": {
      "layer0": "minecraft:item/stick"
    },
    "overrides": [
      {"predicate": {"custom_model_data":42001}, "model": "item/duster"},
      {"predicate": {"custom_model_data":42002}, "model": "item/microphone"},
      {"predicate": {"custom_model_data":42003}, "model": "item/blue_shark"},
      {"predicate": {"custom_model_data":42004}, "model": "item/gray_shark"},
      {"predicate": {"custom_model_data":42005}, "model": "item/blue_whale"},
      {"predicate": {"custom_model_data":92001}, "model": "item/worm"},
      {"predicate": {"custom_model_data":100001}, "model": "item/casino_barrier"},
      {"predicate": {"custom_model_data":100002}, "model": "item/casino_bush"},
      {"predicate": {"custom_model_data":100003}, "model": "item/casino_card_and_token"},
      {"predicate": {"custom_model_data":100004}, "model": "item/casino_chair_bar_brown"},
      {"predicate": {"custom_model_data":100005}, "model": "item/casino_chair_bar_red"},
      {"predicate": {"custom_model_data":100006}, "model": "item/casino_chair_brown"},
      {"predicate": {"custom_model_data":100007}, "model": "item/casino_chips"},
      {"predicate": {"custom_model_data":100008}, "model": "item/casino_game_bigwin"},
      {"predicate": {"custom_model_data":100009}, "model": "item/casino_game_slot"},
      {"predicate": {"custom_model_data":100010}, "model": "item/casino_monitor"},
      {"predicate": {"custom_model_data":100011}, "model": "item/casino_pot_tree"},
      {"predicate": {"custom_model_data":100012}, "model": "item/casino_sofa_red"},
      {"predicate": {"custom_model_data":100013}, "model": "item/casino_sofa_red_no_rest"},
      {"predicate": {"custom_model_data":100014}, "model": "item/casino_sofa_red_single"},
      {"predicate": {"custom_model_data":100015}, "model": "item/casino_table_billiards"},
      {"predicate": {"custom_model_data":100016}, "model": "item/casino_table_billiards_stick_stand"},
      {"predicate": {"custom_model_data":100017}, "model": "item/casino_table_blackjack"},
      {"predicate": {"custom_model_data":100018}, "model": "item/casino_table_blank"},
      {"predicate": {"custom_model_data":100019}, "model": "item/casino_table_craps"},
      {"predicate": {"custom_model_data":100020}, "model": "item/casino_table_roulette"},
      {"predicate": {"custom_model_data":100021}, "model": "item/casino_table_wood"},
      {"predicate": {"custom_model_data":100022}, "model": "item/casino_vending_machine"}
    ]
}
