{
  "model": {
    "type": "range_dispatch",
    "property": "custom_model_data",
    "fallback": {
      "type": "model",
      "model": "minecraft:item/tropical_fish"
    },
    "entries": [
      {
        "threshold": 1,
        "model": {
          "type": "model",
          "model": "minecraft:item/tropical_fish_1"
        }
      },
      {
        "threshold": 2,
        "model": {
          "type": "model",
          "model": "minecraft:item/tropical_fish_2"
        }
      },
      {
        "threshold": 3,
        "model": {
          "type": "model",
          "model": "minecraft:item/tropical_fish_3"
        }
      },
      {
        "threshold": 4,
        "model": {
          "type": "model",
          "model": "minecraft:item/tropical_fish_4"
        }
      },
      {
        "threshold": 5,
        "model": {
          "type": "model",
          "model": "minecraft:item/tropical_fish_5"
        }
      },
      {
        "threshold": 6,
        "model": {
          "type": "model",
          "model": "minecraft:item/tropical_fish_6"
        }
      },
      {
        "threshold": 7,
        "model": {
          "type": "model",
          "model": "minecraft:item/tropical_fish_7"
        }
      }
    ]
  }
}