{
	"credit": "Made by Obey#0001",
	"parent": "bow_black",
	"textures": {
		"1": "prsn:cosmetics/bow_black",
		"particle": "prsn:cosmetics/bow_black"
	},
	"elements": [
		{
			"from": [6.5, 7, 7],
			"to": [9.5, 9, 9],
			"rotation": {"angle": 0, "axis": "y", "origin": [8, 8, 8]},
			"faces": {
				"north": {"uv": [0, 0, 3, 2], "texture": "#1"},
				"east": {"uv": [0, 0, 2, 2], "texture": "#1"},
				"south": {"uv": [0, 0, 3, 2], "texture": "#1"},
				"west": {"uv": [0, 0, 2, 2], "texture": "#1"},
				"up": {"uv": [0, 0, 3, 2], "texture": "#1"},
				"down": {"uv": [0, 0, 3, 2], "texture": "#1"}
			}
		},
		{
			"from": [-0.81, 3.74, 6.49],
			"to": [3.21, 12.26, 9.51],
			"rotation": {"angle": 0, "axis": "y", "origin": [8, 8, 8]},
			"faces": {
				"north": {"uv": [13, 0, 9, 8.5], "texture": "#1"},
				"east": {"uv": [6, 3, 9, 5.5], "texture": "#1"},
				"south": {"uv": [9, 0, 13, 8.5], "texture": "#1"},
				"west": {"uv": [13, 0, 16, 8.5], "texture": "#1"},
				"up": {"uv": [9, 0, 5, 3], "texture": "#1"},
				"down": {"uv": [9, 0, 5, 3], "texture": "#1"}
			}
		},
		{
			"from": [4.5, -2, 7.5],
			"to": [9.5, 8, 8.5],
			"rotation": {"angle": -22.5, "axis": "z", "origin": [8, 8, 8]},
			"faces": {
				"north": {"uv": [0, 6, 5, 16], "texture": "#1"},
				"east": {"uv": [0, 6, 1, 16], "texture": "#1"},
				"south": {"uv": [5, 6, 0, 16], "texture": "#1"},
				"west": {"uv": [0, 6, 1, 16], "texture": "#1"},
				"up": {"uv": [0, 6, 5, 7], "texture": "#1"},
				"down": {"uv": [0, 6, 5, 7], "texture": "#1"}
			}
		},
		{
			"from": [12.69, 3.74, 6.49],
			"to": [16.71, 12.26, 9.51],
			"rotation": {"angle": 0, "axis": "y", "origin": [8, 8, 8]},
			"faces": {
				"north": {"uv": [9, 0, 13, 8.5], "texture": "#1"},
				"east": {"uv": [13, 0, 16, 8.5], "texture": "#1"},
				"south": {"uv": [13, 0, 9, 8.5], "texture": "#1"},
				"west": {"uv": [6, 3, 9, 5.5], "texture": "#1"},
				"up": {"uv": [5, 0, 9, 3], "texture": "#1"},
				"down": {"uv": [5, 0, 9, 3], "texture": "#1"}
			}
		},
		{
			"from": [5.5, -2, 7.6],
			"to": [10.5, 8, 8.6],
			"rotation": {"angle": 22.5, "axis": "z", "origin": [8, 8, 8]},
			"faces": {
				"north": {"uv": [5, 6, 0, 16], "texture": "#1"},
				"east": {"uv": [0, 6, 1, 16], "texture": "#1"},
				"south": {"uv": [0, 6, 5, 16], "texture": "#1"},
				"west": {"uv": [0, 6, 1, 16], "texture": "#1"},
				"up": {"uv": [0, 6, 5, 7], "texture": "#1"},
				"down": {"uv": [0, 6, 5, 7], "texture": "#1"}
			}
		},
		{
			"from": [8.3, 1.7, 6.5],
			"to": [14.3, 7.7, 9.5],
			"rotation": {"angle": 45, "axis": "z", "origin": [8, 8, 8]},
			"faces": {
				"north": {"uv": [10, 16, 16, 10], "texture": "#1"},
				"east": {"uv": [5, 10, 7, 16], "texture": "#1"},
				"south": {"uv": [16, 10, 10, 16], "rotation": 90, "texture": "#1"},
				"west": {"uv": [7, 16, 10, 10], "texture": "#1"},
				"up": {"uv": [7, 10, 10, 16], "rotation": 90, "texture": "#1"},
				"down": {"uv": [5, 10, 7, 16], "rotation": 90, "texture": "#1"}
			}
		},
		{
			"from": [1.6, 8.4, 6.5],
			"to": [7.6, 14.4, 9.5],
			"rotation": {"angle": 45, "axis": "z", "origin": [8, 8, 8]},
			"faces": {
				"north": {"uv": [10, 16, 16, 10], "rotation": 180, "texture": "#1"},
				"east": {"uv": [7, 16, 10, 10], "rotation": 180, "texture": "#1"},
				"south": {"uv": [16, 10, 10, 16], "rotation": 270, "texture": "#1"},
				"west": {"uv": [5, 10, 7, 16], "rotation": 180, "texture": "#1"},
				"up": {"uv": [5, 10, 7, 16], "rotation": 270, "texture": "#1"},
				"down": {"uv": [7, 10, 10, 16], "rotation": 270, "texture": "#1"}
			}
		}
	],
	"display": {
		"thirdperson_righthand": {
			"scale": [0.3, 0.3, 0.3]
		},
		"thirdperson_lefthand": {
			"scale": [0.3, 0.3, 0.3]
		},
		"firstperson_righthand": {
			"scale": [0.5, 0.5, 0.5]
		},
		"firstperson_lefthand": {
			"scale": [0.5, 0.5, 0.5]
		},
		"ground": {
			"translation": [0, 3.75, 0],
			"scale": [0.4, 0.4, 0.4]
		},
		"gui": {
			"rotation": [26, -37.75, 0],
			"scale": [0.7, 0.7, 0.7]
		},
		"head": {
			"translation": [0, 0.25, 0],
			"scale": [1.69, 1.69, 1.69]
		}
	}
}