{
  "parent": "cat_ears",
  "textures": {
    "0": "prsn:cosmetics/cat_ears",
    "particle": "prsn:cosmetics/cat_ears"
  },
  "elements": [
    {
      "from": [
        7.99,
        4.79,
        7.99
      ],
      "to": [
        15.01,
        12.81,
        8.31
      ],
      "rotation": {
        "angle": -22.5,
        "axis": "z",
        "origin": [
          12,
          8,
          8
        ]
      },
      "faces": {
        "north": {
          "uv": [
            0,
            16,
            7,
            8
          ],
          "rotation": 180,
          "texture": "#0"
        },
        "east": {
          "uv": [
            8,
            6,
            9,
            7
          ],
          "rotation": 90,
          "texture": "#0"
        },
        "south": {
          "uv": [
            0,
            8,
            7,
            16
          ],
          "texture": "#0"
        },
        "west": {
          "uv": [
            8,
            6,
            9,
            7
          ],
          "rotation": 90,
          "texture": "#0"
        },
        "up": {
          "uv": [
            8,
            6,
            9,
            7
          ],
          "rotation": 90,
          "texture": "#0"
        },
        "down": {
          "uv": [
            8,
            6,
            9,
            7
          ],
          "rotation": 90,
          "texture": "#0"
        }
      }
    },
    {
      "from": [
        0.99,
        4.79,
        7.99
      ],
      "to": [
        8.01,
        12.81,
        8.31
      ],
      "rotation": {
        "angle": 22.5,
        "axis": "z",
        "origin": [
          4,
          8,
          8
        ]
      },
      "faces": {
        "north": {
          "uv": [
            0,
            8,
            7,
            16
          ],
          "texture": "#0"
        },
        "east": {
          "uv": [
            8,
            6,
            9,
            7
          ],
          "rotation": 90,
          "texture": "#0"
        },
        "south": {
          "uv": [
            7,
            8,
            0,
            16
          ],
          "texture": "#0"
        },
        "west": {
          "uv": [
            8,
            6,
            9,
            7
          ],
          "rotation": 90,
          "texture": "#0"
        },
        "up": {
          "uv": [
            8,
            6,
            9,
            7
          ],
          "rotation": 90,
          "texture": "#0"
        },
        "down": {
          "uv": [
            8,
            6,
            9,
            7
          ],
          "rotation": 90,
          "texture": "#0"
        }
      }
    },
    {
      "from": [
        4,
        7,
        7
      ],
      "to": [
        12,
        8,
        9
      ],
      "rotation": {
        "angle": 0,
        "axis": "y",
        "origin": [
          8,
          8,
          8
        ]
      },
      "faces": {
        "north": {
          "uv": [
            8,
            13,
            16,
            14
          ],
          "texture": "#0"
        },
        "east": {
          "uv": [
            14,
            13,
            16,
            14
          ],
          "rotation": 90,
          "texture": "#0"
        },
        "south": {
          "uv": [
            8,
            13,
            16,
            14
          ],
          "texture": "#0"
        },
        "west": {
          "uv": [
            8,
            13,
            10,
            14
          ],
          "rotation": 90,
          "texture": "#0"
        },
        "up": {
          "uv": [
            8,
            11,
            16,
            13
          ],
          "rotation": 180,
          "texture": "#0"
        },
        "down": {
          "uv": [
            8,
            14,
            16,
            16
          ],
          "rotation": 180,
          "texture": "#0"
        }
      }
    },
    {
      "from": [
        4,
        2,
        7
      ],
      "to": [
        5,
        7,
        9
      ],
      "rotation": {
        "angle": 0,
        "axis": "y",
        "origin": [
          8,
          8,
          8
        ]
      },
      "faces": {
        "north": {
          "uv": [
            13,
            10,
            14,
            5
          ],
          "rotation": 180,
          "texture": "#0"
        },
        "east": {
          "uv": [
            14,
            10,
            16,
            5
          ],
          "rotation": 180,
          "texture": "#0"
        },
        "south": {
          "uv": [
            13,
            10,
            14,
            5
          ],
          "rotation": 180,
          "texture": "#0"
        },
        "west": {
          "uv": [
            11,
            10,
            13,
            5
          ],
          "rotation": 180,
          "texture": "#0"
        },
        "up": {
          "uv": [
            14,
            5,
            16,
            6
          ],
          "rotation": 90,
          "texture": "#0"
        },
        "down": {
          "uv": [
            11,
            9,
            13,
            10
          ],
          "rotation": 180,
          "texture": "#0"
        }
      }
    },
    {
      "from": [
        11,
        2,
        7
      ],
      "to": [
        12,
        7,
        9
      ],
      "rotation": {
        "angle": 0,
        "axis": "y",
        "origin": [
          8,
          8,
          8
        ]
      },
      "faces": {
        "north": {
          "uv": [
            13,
            10,
            14,
            5
          ],
          "rotation": 180,
          "texture": "#0"
        },
        "east": {
          "uv": [
            11,
            10,
            13,
            5
          ],
          "rotation": 180,
          "texture": "#0"
        },
        "south": {
          "uv": [
            13,
            10,
            14,
            5
          ],
          "rotation": 180,
          "texture": "#0"
        },
        "west": {
          "uv": [
            14,
            5,
            16,
            10
          ],
          "rotation": 180,
          "texture": "#0"
        },
        "up": {
          "uv": [
            14,
            5,
            16,
            6
          ],
          "rotation": 90,
          "texture": "#0"
        },
        "down": {
          "uv": [
            11,
            9,
            13,
            10
          ],
          "rotation": 180,
          "texture": "#0"
        }
      }
    },
    {
      "from": [
        9.49,
        8.79,
        7.49
      ],
      "to": [
        12.51,
        9.81,
        8.51
      ],
      "rotation": {
        "angle": -22.5,
        "axis": "z",
        "origin": [
          12,
          8,
          8
        ]
      },
      "faces": {
        "north": {
          "uv": [
            15,
            2,
            12,
            3
          ],
          "texture": "#0"
        },
        "east": {
          "uv": [
            15,
            2,
            16,
            3
          ],
          "texture": "#0"
        },
        "south": {
          "uv": [
            12,
            4,
            15,
            5
          ],
          "texture": "#0"
        },
        "west": {
          "uv": [
            12,
            2,
            11,
            3
          ],
          "texture": "#0"
        },
        "up": {
          "uv": [
            12,
            0,
            15,
            1
          ],
          "rotation": 180,
          "texture": "#0"
        },
        "down": {
          "uv": [
            9,
            0,
            12,
            1
          ],
          "rotation": 90,
          "texture": "#0"
        }
      }
    },
    {
      "from": [
        8.99,
        6.79,
        7.49
      ],
      "to": [
        13.01,
        8.81,
        9.51
      ],
      "rotation": {
        "angle": -22.5,
        "axis": "z",
        "origin": [
          12,
          8,
          8
        ]
      },
      "faces": {
        "north": {
          "uv": [
            5,
            4,
            1,
            2
          ],
          "rotation": 180,
          "texture": "#0"
        },
        "east": {
          "uv": [
            0,
            2,
            1,
            4
          ],
          "texture": "#0"
        },
        "south": {
          "uv": [
            6,
            2,
            10,
            4
          ],
          "texture": "#0"
        },
        "west": {
          "uv": [
            5,
            2,
            6,
            4
          ],
          "texture": "#0"
        },
        "up": {
          "uv": [
            1,
            0,
            5,
            2
          ],
          "rotation": 180,
          "texture": "#0"
        },
        "down": {
          "uv": [
            1,
            4,
            5,
            6
          ],
          "rotation": 90,
          "texture": "#0"
        }
      }
    },
    {
      "from": [
        3.49,
        8.79,
        7.49
      ],
      "to": [
        6.51,
        9.81,
        8.51
      ],
      "rotation": {
        "angle": 22.5,
        "axis": "z",
        "origin": [
          4,
          8,
          8
        ]
      },
      "faces": {
        "north": {
          "uv": [
            12,
            2,
            15,
            3
          ],
          "texture": "#0"
        },
        "east": {
          "uv": [
            15,
            2,
            16,
            3
          ],
          "texture": "#0"
        },
        "south": {
          "uv": [
            15,
            4,
            12,
            5
          ],
          "texture": "#0"
        },
        "west": {
          "uv": [
            11,
            2,
            12,
            3
          ],
          "texture": "#0"
        },
        "up": {
          "uv": [
            12,
            0,
            15,
            1
          ],
          "rotation": 180,
          "texture": "#0"
        },
        "down": {
          "uv": [
            9,
            0,
            12,
            1
          ],
          "rotation": 90,
          "texture": "#0"
        }
      }
    },
    {
      "from": [
        2.99,
        6.79,
        7.49
      ],
      "to": [
        7.01,
        8.81,
        9.51
      ],
      "rotation": {
        "angle": 22.5,
        "axis": "z",
        "origin": [
          4,
          8,
          8
        ]
      },
      "faces": {
        "north": {
          "uv": [
            5,
            2,
            1,
            4
          ],
          "texture": "#0"
        },
        "east": {
          "uv": [
            1,
            2,
            0,
            4
          ],
          "texture": "#0"
        },
        "south": {
          "uv": [
            6,
            4,
            10,
            2
          ],
          "rotation": 180,
          "texture": "#0"
        },
        "west": {
          "uv": [
            6,
            2,
            5,
            4
          ],
          "texture": "#0"
        },
        "up": {
          "uv": [
            1,
            0,
            5,
            2
          ],
          "rotation": 180,
          "texture": "#0"
        },
        "down": {
          "uv": [
            1,
            4,
            5,
            6
          ],
          "rotation": 90,
          "texture": "#0"
        }
      }
    }
  ],
  "display": {
    "thirdperson_righthand": {
      "rotation": [
        66.76,
        -59.77,
        22.14
      ],
      "translation": [
        -0.75,
        2.25,
        1.25
      ],
      "scale": [
        0.5,
        0.5,
        0.5
      ]
    },
    "firstperson_righthand": {
      "rotation": [
        168,
        70.75,
        -180
      ],
      "translation": [
        0,
        2.25,
        0
      ],
      "scale": [
        0.55,
        0.55,
        0.55
      ]
    },
    "ground": {
      "translation": [
        0,
        -0.75,
        0
      ],
      "scale": [
        0.5,
        0.5,
        0.5
      ]
    },
    "gui": {
      "rotation": [
        -163.63,
        48.87,
        -177.8
      ],
      "translation": [
        0,
        -0.75,
        0.5
      ],
      "scale": [
        0.85,
        0.85,
        0.85
      ]
    },
    "head": {
      "translation": [
        0,
        7.5,
        0
      ],
      "scale": [
        1.85,
        1.85,
        1.85
      ]
    }
  },
  "groups": [
    {
      "name": "cat_ears",
      "origin": [
        4,
        8,
        8
      ],
      "color": 0,
      "nbt": "{}",
      "armAnimationEnabled": false,
      "children": [
        0,
        1,
        2,
        3,
        4,
        5,
        6,
        7,
        8
      ]
    }
  ]
}