{
  "credit": "Made with Blockbench",
  "texture_size": [
    32,
    32
  ],
  "textures": {
    "0": "prsn:cosmetics/duster",
    "particle": "prsn:cosmetics/duster"
  },
  "elements": [
    {
      "from": [
        6.9,
        -10.6,
        6.4
      ],
      "to": [
        9.1,
        -0.4,
        9.6
      ],
      "rotation": {
        "angle": 0,
        "axis": "y",
        "origin": [
          8,
          8,
          8
        ]
      },
      "faces": {
        "north": {
          "uv": [
            1.5,
            10,
            2.5,
            15
          ],
          "texture": "#0"
        },
        "east": {
          "uv": [
            0,
            10,
            1.5,
            15
          ],
          "texture": "#0"
        },
        "south": {
          "uv": [
            1.5,
            10,
            2.5,
            15
          ],
          "texture": "#0"
        },
        "west": {
          "uv": [
            0,
            10,
            1.5,
            15
          ],
          "texture": "#0"
        },
        "up": {
          "uv": [
            0,
            15,
            1.5,
            16
          ],
          "rotation": 90,
          "texture": "#0"
        },
        "down": {
          "uv": [
            0,
            15,
            1.5,
            16
          ],
          "rotation": 90,
          "texture": "#0"
        }
      }
    },
    {
      "from": [
        7,
        -0.5,
        7
      ],
      "to": [
        9,
        11.5,
        9
      ],
      "rotation": {
        "angle": 0,
        "axis": "y",
        "origin": [
          8,
          8,
          8
        ]
      },
      "faces": {
        "north": {
          "uv": [
            0,
            4,
            1,
            10
          ],
          "texture": "#0"
        },
        "east": {
          "uv": [
            0,
            4,
            1,
            10
          ],
          "texture": "#0"
        },
        "south": {
          "uv": [
            0,
            4,
            1,
            10
          ],
          "texture": "#0"
        },
        "west": {
          "uv": [
            0,
            4,
            1,
            10
          ],
          "texture": "#0"
        },
        "up": {
          "uv": [
            0,
            4,
            1,
            5
          ],
          "texture": "#0"
        },
        "down": {
          "uv": [
            0,
            4,
            1,
            5
          ],
          "texture": "#0"
        }
      }
    },
    {
      "from": [
        6.5,
        9.5,
        6.5
      ],
      "to": [
        9.5,
        12.5,
        9.5
      ],
      "rotation": {
        "angle": 0,
        "axis": "y",
        "origin": [
          8,
          8,
          8
        ]
      },
      "faces": {
        "north": {
          "uv": [
            0,
            2,
            1.5,
            3.5
          ],
          "texture": "#0"
        },
        "east": {
          "uv": [
            0,
            2,
            1.5,
            3.5
          ],
          "texture": "#0"
        },
        "south": {
          "uv": [
            0,
            2,
            1.5,
            3.5
          ],
          "texture": "#0"
        },
        "west": {
          "uv": [
            0,
            2,
            1.5,
            3.5
          ],
          "texture": "#0"
        },
        "up": {
          "uv": [
            1.5,
            2,
            3,
            3.5
          ],
          "texture": "#0"
        },
        "down": {
          "uv": [
            3,
            2,
            4.5,
            3.5
          ],
          "texture": "#0"
        }
      }
    },
    {
      "from": [
        7,
        12.5,
        7
      ],
      "to": [
        9,
        14.5,
        9
      ],
      "rotation": {
        "angle": 0,
        "axis": "y",
        "origin": [
          8,
          8,
          8
        ]
      },
      "faces": {
        "north": {
          "uv": [
            0,
            0,
            1,
            1
          ],
          "texture": "#0"
        },
        "east": {
          "uv": [
            0,
            0,
            1,
            1
          ],
          "texture": "#0"
        },
        "south": {
          "uv": [
            0,
            0,
            1,
            1
          ],
          "texture": "#0"
        },
        "west": {
          "uv": [
            0,
            0,
            1,
            1
          ],
          "texture": "#0"
        },
        "up": {
          "uv": [
            0,
            0,
            1,
            1
          ],
          "texture": "#0"
        },
        "down": {
          "uv": [
            0,
            0,
            1,
            1
          ],
          "texture": "#0"
        }
      }
    },
    {
      "from": [
        8,
        14,
        2.5
      ],
      "to": [
        9,
        26,
        13.5
      ],
      "rotation": {
        "angle": -22.5,
        "axis": "z",
        "origin": [
          8,
          14,
          8
        ]
      },
      "faces": {
        "north": {
          "uv": [
            10,
            0,
            10.5,
            6
          ],
          "texture": "#0"
        },
        "east": {
          "uv": [
            10.5,
            6,
            16,
            12
          ],
          "texture": "#0"
        },
        "south": {
          "uv": [
            10,
            0,
            10.5,
            6
          ],
          "texture": "#0"
        },
        "west": {
          "uv": [
            10.5,
            0,
            16,
            6
          ],
          "texture": "#0"
        },
        "up": {
          "uv": [
            10,
            0,
            10.5,
            5.5
          ],
          "texture": "#0"
        },
        "down": {
          "uv": [
            10,
            0,
            10.5,
            5.5
          ],
          "texture": "#0"
        }
      }
    },
    {
      "from": [
        7,
        14,
        2.5
      ],
      "to": [
        8,
        26,
        13.5
      ],
      "rotation": {
        "angle": 22.5,
        "axis": "z",
        "origin": [
          8,
          14,
          8
        ]
      },
      "faces": {
        "north": {
          "uv": [
            10,
            0,
            10.5,
            6
          ],
          "texture": "#0"
        },
        "east": {
          "uv": [
            10.5,
            0,
            16,
            6
          ],
          "texture": "#0"
        },
        "south": {
          "uv": [
            10,
            0,
            10.5,
            6
          ],
          "texture": "#0"
        },
        "west": {
          "uv": [
            10.5,
            6,
            16,
            12
          ],
          "texture": "#0"
        },
        "up": {
          "uv": [
            10,
            0,
            10.5,
            5.5
          ],
          "texture": "#0"
        },
        "down": {
          "uv": [
            10,
            0,
            10.5,
            5.5
          ],
          "texture": "#0"
        }
      }
    },
    {
      "from": [
        2.5,
        14,
        8
      ],
      "to": [
        13.5,
        26,
        9
      ],
      "rotation": {
        "angle": 22.5,
        "axis": "x",
        "origin": [
          8,
          14,
          8
        ]
      },
      "faces": {
        "north": {
          "uv": [
            10.5,
            0,
            16,
            6
          ],
          "texture": "#0"
        },
        "east": {
          "uv": [
            10,
            0,
            10.5,
            6
          ],
          "texture": "#0"
        },
        "south": {
          "uv": [
            10.5,
            6,
            16,
            12
          ],
          "texture": "#0"
        },
        "west": {
          "uv": [
            10,
            0,
            10.5,
            6
          ],
          "texture": "#0"
        },
        "up": {
          "uv": [
            10,
            0,
            10.5,
            5.5
          ],
          "rotation": 270,
          "texture": "#0"
        },
        "down": {
          "uv": [
            10,
            0,
            10.5,
            5.5
          ],
          "rotation": 90,
          "texture": "#0"
        }
      }
    },
    {
      "from": [
        2.5,
        14,
        7
      ],
      "to": [
        13.5,
        26,
        8
      ],
      "rotation": {
        "angle": -22.5,
        "axis": "x",
        "origin": [
          8,
          14,
          8
        ]
      },
      "faces": {
        "north": {
          "uv": [
            10.5,
            6,
            16,
            12
          ],
          "texture": "#0"
        },
        "east": {
          "uv": [
            10,
            0,
            10.5,
            6
          ],
          "texture": "#0"
        },
        "south": {
          "uv": [
            10.5,
            0,
            16,
            6
          ],
          "texture": "#0"
        },
        "west": {
          "uv": [
            10,
            0,
            10.5,
            6
          ],
          "texture": "#0"
        },
        "up": {
          "uv": [
            10,
            0,
            10.5,
            5.5
          ],
          "rotation": 270,
          "texture": "#0"
        },
        "down": {
          "uv": [
            10,
            0,
            10.5,
            5.5
          ],
          "rotation": 90,
          "texture": "#0"
        }
      }
    }
  ],
  "display": {
    "thirdperson_righthand": {
      "translation": [
        0,
        5.5,
        1.75
      ],
      "scale": [
        0.6,
        0.6,
        0.6
      ]
    },
    "firstperson_righthand": {
      "rotation": [
        -31,
        0,
        0
      ],
      "translation": [
        1.25,
        3.25,
        0
      ],
      "scale": [
        0.6,
        0.6,
        0.6
      ]
    },
    "ground": {
      "translation": [
        0,
        2.5,
        0
      ],
      "scale": [
        0.3,
        0.3,
        0.3
      ]
    },
    "gui": {
      "rotation": [
        34.29,
        30.48,
        -47.91
      ],
      "scale": [
        0.4,
        0.4,
        0.4
      ]
    },
    "fixed": {
      "translation": [
        0,
        0.25,
        0
      ],
      "scale": [
        0.5,
        0.5,
        0.5
      ]
    }
  },
  "groups": [
    {
      "name": "maid_duster",
      "origin": [
        8,
        8,
        8
      ],
      "color": 0,
      "nbt": "{}",
      "armAnimationEnabled": false,
      "children": [
        0,
        1,
        2,
        3,
        4,
        5,
        6,
        7
      ]
    }
  ]
}