{
	"credit": "Made by Obey#0001",
	"textures": {
		"0": "block/red_wool",
		"1": "block/white_wool",
		"particle": "block/red_wool"
	},
	"elements": [
		{
			"name": "white",
			"from": [0, 0, 0],
			"to": [16, 2, 16],
			"faces": {
				"north": {"uv": [0, 0, 16, 2], "texture": "#1"},
				"east": {"uv": [0, 0, 16, 2], "texture": "#1"},
				"south": {"uv": [0, 0, 16, 2], "texture": "#1"},
				"west": {"uv": [0, 0, 16, 2], "texture": "#1"},
				"up": {"uv": [0, 0, 16, 16], "texture": "#1"},
				"down": {"uv": [0, 0, 16, 16], "texture": "#1"}
			}
		},
		{
			"name": "red",
			"from": [3, 6, 3],
			"to": [13, 7, 13],
			"faces": {
				"north": {"uv": [3, 3, 13, 4], "texture": "#0"},
				"east": {"uv": [3, 3, 13, 4], "texture": "#0"},
				"south": {"uv": [3, 3, 13, 4], "texture": "#0"},
				"west": {"uv": [3, 3, 13, 4], "texture": "#0"},
				"up": {"uv": [3, 3, 13, 13], "texture": "#0"},
				"down": {"uv": [3, 3, 13, 13], "texture": "#0"}
			}
		},
		{
			"name": "white",
			"from": [14, 4, 6],
			"to": [17, 7, 10],
			"faces": {
				"north": {"uv": [0, 0, 3, 3], "texture": "#1"},
				"east": {"uv": [0, 0, 4, 3], "texture": "#1"},
				"south": {"uv": [0, 0, 3, 3], "texture": "#1"},
				"west": {"uv": [0, 0, 4, 3], "texture": "#1"},
				"up": {"uv": [0, 0, 3, 4], "texture": "#1"},
				"down": {"uv": [0, 0, 3, 4], "texture": "#1"}
			}
		},
		{
			"name": "red",
			"from": [13, 6, 7],
			"to": [16, 8, 9],
			"faces": {
				"north": {"uv": [0, 0, 3, 2], "texture": "#0"},
				"east": {"uv": [0, 0, 2, 2], "texture": "#0"},
				"south": {"uv": [0, 0, 3, 2], "texture": "#0"},
				"west": {"uv": [0, 0, 2, 2], "texture": "#0"},
				"up": {"uv": [0, 0, 3, 2], "texture": "#0"},
				"down": {"uv": [0, 0, 3, 2], "texture": "#0"}
			}
		},
		{
			"name": "red",
			"from": [8, 7, 7],
			"to": [15, 9, 9],
			"faces": {
				"north": {"uv": [0, 0, 7, 2], "texture": "#0"},
				"east": {"uv": [0, 0, 2, 2], "texture": "#0"},
				"south": {"uv": [0, 0, 7, 2], "texture": "#0"},
				"west": {"uv": [0, 0, 2, 2], "texture": "#0"},
				"up": {"uv": [0, 0, 7, 2], "texture": "#0"},
				"down": {"uv": [0, 0, 7, 2], "texture": "#0"}
			}
		},
		{
			"name": "red",
			"from": [2, 4, 2],
			"to": [14, 6, 14],
			"faces": {
				"north": {"uv": [2, 2, 14, 4], "texture": "#0"},
				"east": {"uv": [2, 2, 14, 4], "texture": "#0"},
				"south": {"uv": [2, 2, 14, 4], "texture": "#0"},
				"west": {"uv": [2, 2, 14, 4], "texture": "#0"},
				"up": {"uv": [2, 2, 14, 14], "texture": "#0"},
				"down": {"uv": [2, 2, 14, 14], "texture": "#0"}
			}
		},
		{
			"name": "red",
			"from": [1, 2, 1],
			"to": [15, 4, 15],
			"faces": {
				"north": {"uv": [1, 1, 15, 3], "texture": "#0"},
				"east": {"uv": [1, 1, 15, 3], "texture": "#0"},
				"south": {"uv": [1, 1, 15, 3], "texture": "#0"},
				"west": {"uv": [1, 1, 15, 3], "texture": "#0"},
				"up": {"uv": [1, 1, 15, 15], "texture": "#0"},
				"down": {"uv": [1, 1, 15, 15], "texture": "#0"}
			}
		}
	],
	"display": {
		"thirdperson_righthand": {
			"scale": [0.25, 0.25, 0.25]
		},
		"gui": {
			"rotation": [-163.63, 48.87, -177.8],
			"translation": [0, -0.75, 0],
			"scale": [0.6, 0.6, 0.6]
		},
		"head": {
			"rotation": [15, 0, 0],
			"translation": [0, 12, 2.25]
		}
	}
}