{"credit":"Made with Blockbench","parent":"ban_hammer","texture_size":[32,32],"textures":{"0":"item/ban_hammer","particle":"item/ban_hammer"},"elements":[{"from":[7,0,6],"to":[10,31,10],"faces":{"north":{"uv":[0,0,1.5,15.5],"texture":"#0"},"east":{"uv":[1.5,0,3.5,15.5],"texture":"#0"},"south":{"uv":[0,0,1.5,15.5],"texture":"#0"},"west":{"uv":[1.5,0,3.5,15.5],"texture":"#0"},"up":{"uv":[3.5,11.5,5,13.5],"texture":"#0"},"down":{"uv":[3.5,14,5,16],"texture":"#0"}}},{"from":[6.8,-0.2,5.8],"to":[10.2,13.2,10.2],"faces":{"north":{"uv":[0,9,1.5,15.5],"texture":"#0"},"east":{"uv":[1.5,9,3.5,15.5],"texture":"#0"},"south":{"uv":[0,9,1.5,15.5],"texture":"#0"},"west":{"uv":[1.5,9,3.5,15.5],"texture":"#0"},"up":{"uv":[3.5,14,5,16],"texture":"#0"},"down":{"uv":[3.5,14,5,16],"texture":"#0"}}},{"from":[4.5,22,1],"to":[12.5,30,15],"faces":{"north":{"uv":[9,4,13,8],"texture":"#0"},"east":{"uv":[9,0,16,4],"texture":"#0"},"south":{"uv":[9,4,13,8],"texture":"#0"},"west":{"uv":[9,0,16,4],"texture":"#0"},"up":{"uv":[5,0,9,7],"texture":"#0"},"down":{"uv":[5,0,9,7],"texture":"#0"}}},{"from":[4.4,23.2,2],"to":[4.5,29.2,14],"rotation":{"angle":0,"axis":"y","origin":[0,26,8]},"faces":{"north":{"uv":[15,5.0625,16,8.0625],"texture":"#0"},"east":{"uv":[7,11.5,16,16],"texture":"#0"},"south":{"uv":[15,5.0625,16,8.0625],"texture":"#0"},"west":{"uv":[7,11.5,16,16],"texture":"#0"},"up":{"uv":[15,5.0625,16,11.0625],"texture":"#0"},"down":{"uv":[15,5.0625,16,11.0625],"texture":"#0"}}},{"from":[12.7,23.2,2],"to":[12.8,29.2,14],"rotation":{"angle":0,"axis":"y","origin":[0,26,8]},"faces":{"north":{"uv":[15,5.0625,16,8.0625],"texture":"#0"},"east":{"uv":[7,11.5,16,16],"texture":"#0"},"south":{"uv":[15,5.0625,16,8.0625],"texture":"#0"},"west":{"uv":[7,11.5,16,16],"texture":"#0"},"up":{"uv":[15,5.0625,16,11.0625],"texture":"#0"},"down":{"uv":[15,5.0625,16,11.0625],"texture":"#0"}}}],"display":{"thirdperson_righthand":{"translation":[0,-1.25,2.25],"scale":[0.55,0.55,0.55]},"thirdperson_lefthand":{"translation":[0,-1.25,2.25],"scale":[0.55,0.55,0.55]},"firstperson_righthand":{"rotation":[2,7,0],"scale":[0.42,0.42,0.42]},"firstperson_lefthand":{"rotation":[2,7,0],"scale":[0.42,0.42,0.42]},"ground":{"translation":[0,1.25,0],"scale":[0.5,0.5,0.5]},"gui":{"rotation":[60,-135,66],"translation":[-2.5,-3.25,0],"scale":[0.5,0.5,0.5]},"fixed":{"rotation":[-90,-90,-90],"translation":[0,-4,-0.75],"scale":[0.55,0.55,0.55]}},"groups":[{"name":"hammer","origin":[0,0,0],"color":0,"nbt":"{}","armAnimationEnabled":false,"children":[0,1,2,3,4]}]}