{
	"texture_size": [32, 32],
	"textures": {
		"0": "minecraft:item/blue_shark",
		"particle": "#0"
	},
	"elements": [
		{
			"name": "shork",
			"from": [6, 6, 0],
			"to": [10, 10, 9],
			"faces": {
				"north": {"uv": [4.5, 4.5, 6.5, 6.5], "texture": "#0"},
				"east": {"uv": [0, 4.5, 4.5, 6.5], "texture": "#0"},
				"south": {"uv": [11, 4.5, 13, 6.5], "texture": "#0"},
				"west": {"uv": [6.5, 4.5, 11, 6.5], "texture": "#0"},
				"up": {"uv": [6.5, 4.5, 4.5, 0], "texture": "#0"},
				"down": {"uv": [8.5, 0, 6.5, 4.5], "texture": "#0"}
			}
		},
		{
			"name": "tail",
			"from": [7, 7, 9],
			"to": [9, 9, 16],
			"rotation": {"angle": 0, "axis": "y", "origin": [8, 8, 15.5]},
			"faces": {
				"north": {"uv": [3.5, 10, 4.5, 11], "texture": "#0"},
				"east": {"uv": [0, 10, 3.5, 11], "texture": "#0"},
				"south": {"uv": [8, 10, 9, 11], "texture": "#0"},
				"west": {"uv": [4.5, 10, 8, 11], "texture": "#0"},
				"up": {"uv": [4.5, 10, 3.5, 6.5], "texture": "#0"},
				"down": {"uv": [5.5, 6.5, 4.5, 10], "texture": "#0"}
			}
		},
		{
			"name": "tail base",
			"from": [6.5, 6.5, 9],
			"to": [9.5, 9.5, 11],
			"faces": {
				"north": {"uv": [1, 12, 2.5, 13.5], "texture": "#0"},
				"east": {"uv": [0, 12, 1, 13.5], "texture": "#0"},
				"south": {"uv": [3.5, 12, 5, 13.5], "texture": "#0"},
				"west": {"uv": [2.5, 12, 3.5, 13.5], "texture": "#0"},
				"up": {"uv": [2.5, 12, 1, 11], "texture": "#0"},
				"down": {"uv": [4, 11, 2.5, 12], "texture": "#0"}
			}
		},
		{
			"name": "tail stabilizer",
			"from": [7.5, 8, 14],
			"to": [8.5, 12, 16],
			"rotation": {"angle": 22.5, "axis": "x", "origin": [8, 9, 15]},
			"faces": {
				"north": {"uv": [1, 1, 1.5, 3], "texture": "#0"},
				"east": {"uv": [0, 1, 1, 3], "texture": "#0"},
				"south": {"uv": [2.5, 1, 3, 3], "texture": "#0"},
				"west": {"uv": [1.5, 1, 2.5, 3], "texture": "#0"},
				"up": {"uv": [1.5, 1, 1, 0], "texture": "#0"},
				"down": {"uv": [2, 0, 1.5, 1], "texture": "#0"}
			}
		},
		{
			"name": "left pectoral",
			"from": [5, 5, 6],
			"to": [6, 7, 10],
			"rotation": {"angle": 22.5, "axis": "x", "origin": [6, 7, 7]},
			"faces": {
				"north": {"uv": [7.5, 8.5, 8, 9.5], "texture": "#0"},
				"east": {"uv": [5.5, 8.5, 7.5, 9.5], "texture": "#0"},
				"south": {"uv": [10, 8.5, 10.5, 9.5], "texture": "#0"},
				"west": {"uv": [8, 8.5, 10, 9.5], "texture": "#0"},
				"up": {"uv": [8, 8.5, 7.5, 6.5], "texture": "#0"},
				"down": {"uv": [8.5, 6.5, 8, 8.5], "texture": "#0"}
			}
		},
		{
			"name": "right pectoral",
			"from": [10, 5, 6],
			"to": [11, 7, 10],
			"shade": false,
			"rotation": {"angle": 22.5, "axis": "x", "origin": [10, 7, 7]},
			"faces": {
				"north": {"uv": [8, 8.5, 7.5, 9.5], "texture": "#0"},
				"east": {"uv": [10, 8.5, 8, 9.5], "texture": "#0"},
				"south": {"uv": [10.5, 8.5, 10, 9.5], "texture": "#0"},
				"west": {"uv": [7.5, 8.5, 5.5, 9.5], "texture": "#0"},
				"up": {"uv": [7.5, 8.5, 8, 6.5], "texture": "#0"},
				"down": {"uv": [8, 6.5, 8.5, 8.5], "texture": "#0"}
			}
		},
		{
			"name": "dorsal fin",
			"from": [7, 9, 5],
			"to": [9, 14, 8],
			"rotation": {"angle": 22.5, "axis": "x", "origin": [8, 10, 7]},
			"faces": {
				"north": {"uv": [10, 1.5, 11, 4], "texture": "#0"},
				"east": {"uv": [8.5, 1.5, 10, 4], "texture": "#0"},
				"south": {"uv": [12.5, 1.5, 13.5, 4], "texture": "#0"},
				"west": {"uv": [11, 1.5, 12.5, 4], "texture": "#0"},
				"up": {"uv": [11, 1.5, 10, 0], "texture": "#0"},
				"down": {"uv": [12, 0, 11, 1.5], "texture": "#0"}
			}
		},
		{
			"name": "back dorsal",
			"from": [7.5, 8.5, 12],
			"to": [8.5, 9.5, 13],
			"rotation": {"angle": -22.5, "axis": "x", "origin": [8, 9, 12.5]},
			"faces": {
				"north": {"uv": [2.5, 0.5, 3, 1], "texture": "#0"},
				"east": {"uv": [2, 0.5, 2.5, 1], "texture": "#0"},
				"south": {"uv": [3.5, 0.5, 4, 1], "texture": "#0"},
				"west": {"uv": [3, 0.5, 3.5, 1], "texture": "#0"},
				"up": {"uv": [3, 0.5, 2.5, 0], "texture": "#0"},
				"down": {"uv": [3.5, 0, 3, 0.5], "texture": "#0"}
			}
		},
		{
			"name": "mouf back",
			"from": [6, 6, 1],
			"to": [10, 7, 1],
			"faces": {
				"north": {"uv": [0, 3.5, 2, 4], "texture": "#0"},
				"east": {"uv": [0, 3.5, 0, 4], "texture": "#0"},
				"south": {"uv": [2, 3.5, 4, 4], "texture": "#0"},
				"west": {"uv": [2, 3.5, 2, 4], "texture": "#0"},
				"up": {"uv": [2, 3.5, 0, 3.5], "texture": "#0"},
				"down": {"uv": [4, 3.5, 2, 3.5], "texture": "#0"}
			}
		},
		{
			"name": "mouf top",
			"from": [6, 7, 0],
			"to": [10, 7, 1],
			"faces": {
				"north": {"uv": [0.5, 3.5, 2.5, 3.5], "texture": "#0"},
				"east": {"uv": [0, 3.5, 0.5, 3.5], "texture": "#0"},
				"south": {"uv": [3, 3.5, 5, 3.5], "texture": "#0"},
				"west": {"uv": [2.5, 3.5, 3, 3.5], "texture": "#0"},
				"up": {"uv": [2.5, 3.5, 0.5, 3], "texture": "#0"},
				"down": {"uv": [4.5, 3, 2.5, 3.5], "texture": "#0"}
			}
		}
	],
	"display": {
		"thirdperson_righthand": {
			"rotation": [140, -60, 105],
			"translation": [-5, -2.25, 3.75],
			"scale": [1.15, 1.15, 1.15]
		},
		"firstperson_righthand": {
			"rotation": [70, -55, 60],
			"translation": [-3.25, 1.25, 1]
		},
		"ground": {
			"rotation": [0, 90, 0],
			"translation": [0, 2, 0],
			"scale": [0.5, 0.5, 0.5]
		},
		"gui": {
			"rotation": [30, 135, 0],
			"translation": [0.19, -0.25, 0],
			"scale": [1.15, 1.15, 1.15]
		},
		"head": {
			"translation": [0, 9, 0],
			"scale": [1.25, 1.25, 1.25]
		},
		"fixed": {
			"rotation": [0, -90, 0],
			"translation": [0, -1, -3]
		}
	}
}