{
    "parent": "minecraft:item/generated",
    "textures": {
      "layer0": "minecraft:item/brown_dye"
    },
    "overrides": [
      {"predicate": {"custom_model_data":150001}, "model": "item/cat_noses/all_black_cat_nose"},
      {"predicate": {"custom_model_data":150002}, "model": "item/cat_noses/black_cat_nose"},
      {"predicate": {"custom_model_data":150003}, "model": "item/cat_noses/british_shorthair_cat_nose"},
      {"predicate": {"custom_model_data":150004}, "model": "item/cat_noses/calico_cat_nose"},
      {"predicate": {"custom_model_data":150005}, "model": "item/cat_noses/jellie_cat_nose"},
      {"predicate": {"custom_model_data":150006}, "model": "item/cat_noses/ocelot_cat_nose"},
      {"predicate": {"custom_model_data":150007}, "model": "item/cat_noses/ragdoll_cat_nose"},
      {"predicate": {"custom_model_data":150008}, "model": "item/cat_noses/red_cat_nose"},
      {"predicate": {"custom_model_data":150008}, "model": "item/cat_noses/siamese_cat_nose"},
      {"predicate": {"custom_model_data":150010}, "model": "item/cat_noses/tabby_cat_nose"},
      {"predicate": {"custom_model_data":150011}, "model": "item/cat_noses/white_cat_nose"}
    ]
  }