{"credit":"Made with Blockbench","parent":"pink_gamer_headset","textures":{"0":"item/pink_gamer_headset","particle":"item/pink_gamer_headset"},"elements":[{"from":[4,7,7],"to":[12,8,9],"rotation":{"angle":0,"axis":"y","origin":[8,8,8]},"faces":{"north":{"uv":[8,13,16,14],"texture":"#0"},"east":{"uv":[14,13,16,14],"rotation":90,"texture":"#0"},"south":{"uv":[8,13,16,14],"texture":"#0"},"west":{"uv":[8,13,10,14],"rotation":90,"texture":"#0"},"up":{"uv":[8,11,16,13],"rotation":180,"texture":"#0"},"down":{"uv":[8,14,16,16],"rotation":180,"texture":"#0"}}},{"from":[4,5,7],"to":[5,7,9],"rotation":{"angle":0,"axis":"y","origin":[8,8,8]},"faces":{"north":{"uv":[13,7,14,5],"rotation":180,"texture":"#0"},"east":{"uv":[14,7,16,5],"rotation":180,"texture":"#0"},"south":{"uv":[13,7,14,5],"rotation":180,"texture":"#0"},"west":{"uv":[11,7,13,5],"rotation":180,"texture":"#0"},"up":{"uv":[14,5,16,6],"rotation":90,"texture":"#0"},"down":{"uv":[14,7,15,6],"rotation":180,"texture":"#0"}}},{"from":[11,5,7],"to":[12,7,9],"rotation":{"angle":0,"axis":"y","origin":[8,8,8]},"faces":{"north":{"uv":[13,7,14,5],"rotation":180,"texture":"#0"},"east":{"uv":[11,7,13,5],"rotation":180,"texture":"#0"},"south":{"uv":[13,7,14,5],"rotation":180,"texture":"#0"},"west":{"uv":[14,5,16,7],"rotation":180,"texture":"#0"},"up":{"uv":[14,5,16,6],"rotation":90,"texture":"#0"},"down":{"uv":[14,7,15,6],"rotation":180,"texture":"#0"}}},{"from":[9.51,8.79,7.01],"to":[11.49,9.77,7.99],"rotation":{"angle":-22.5,"axis":"z","origin":[12,8,8]},"faces":{"north":{"uv":[13,1,11,2],"texture":"#0"},"east":{"uv":[13,1,14,2],"texture":"#0"},"south":{"uv":[14,1,16,2],"texture":"#0"},"west":{"uv":[11,1,10,2],"texture":"#0"},"up":{"uv":[11,0,13,1],"rotation":180,"texture":"#0"},"down":{"uv":[13,0,15,1],"texture":"#0"}}},{"from":[9.01,6.81,7.01],"to":[11.99,8.79,8.99],"rotation":{"angle":-22.5,"axis":"z","origin":[12,8,8]},"faces":{"north":{"uv":[5,4,2,2],"rotation":180,"texture":"#0"},"east":{"uv":[0,2,2,4],"texture":"#0"},"south":{"uv":[7,2,10,4],"texture":"#0"},"west":{"uv":[5,2,7,4],"texture":"#0"},"up":{"uv":[2,0,5,2],"rotation":180,"texture":"#0"},"down":{"uv":[7,2,10,4],"texture":"#0"}}},{"from":[4.51,8.69,7.01],"to":[6.49,9.67,7.99],"rotation":{"angle":22.5,"axis":"z","origin":[4,8,8]},"faces":{"north":{"uv":[11,1,13,2],"texture":"#0"},"east":{"uv":[13,1,14,2],"texture":"#0"},"south":{"uv":[16,1,14,2],"texture":"#0"},"west":{"uv":[10,1,11,2],"texture":"#0"},"up":{"uv":[11,0,13,1],"rotation":180,"texture":"#0"},"down":{"uv":[13,0,15,1],"texture":"#0"}}},{"from":[3,1.6,6.6],"to":[3.8,4.4,9.4],"faces":{"north":{"uv":[3,5,4,8],"texture":"#0"},"east":{"uv":[0,5,3,8],"texture":"#0"},"south":{"uv":[3,5,4,8],"texture":"#0"},"west":{"uv":[0,5,3,8],"texture":"#0"},"up":{"uv":[0,4,3,5],"rotation":90,"texture":"#0"},"down":{"uv":[0,8,3,9],"rotation":90,"texture":"#0"}}},{"from":[3.6,1.1,6.1],"to":[5.4,4.9,9.9],"faces":{"north":{"uv":[4,12,6,16],"texture":"#0"},"east":{"uv":[0,12,4,16],"texture":"#0"},"south":{"uv":[4,12,6,16],"texture":"#0"},"west":{"uv":[4,6,8,10],"texture":"#0"},"up":{"uv":[0,10,4,12],"rotation":90,"texture":"#0"},"down":{"uv":[4,10,8,12],"rotation":90,"texture":"#0"}}},{"from":[12.2,1.6,6.6],"to":[13,4.4,9.4],"faces":{"north":{"uv":[3,5,4,8],"texture":"#0"},"east":{"uv":[0,5,3,8],"texture":"#0"},"south":{"uv":[3,5,4,8],"texture":"#0"},"west":{"uv":[0,5,3,8],"texture":"#0"},"up":{"uv":[0,4,3,5],"rotation":90,"texture":"#0"},"down":{"uv":[0,8,3,9],"rotation":90,"texture":"#0"}}},{"from":[10.6,1.1,6.1],"to":[12.4,4.9,9.9],"faces":{"north":{"uv":[4,12,6,16],"texture":"#0"},"east":{"uv":[0,12,4,16],"texture":"#0"},"south":{"uv":[4,12,6,16],"texture":"#0"},"west":{"uv":[4,6,8,10],"texture":"#0"},"up":{"uv":[0,10,4,12],"rotation":90,"texture":"#0"},"down":{"uv":[4,10,8,12],"rotation":90,"texture":"#0"}}},{"from":[4,1.5,3.8],"to":[7,2.5,6.8],"rotation":{"angle":-22.5,"axis":"x","origin":[7,1,7]},"faces":{"north":{"uv":[10,7,13,8],"texture":"#0"},"east":{"uv":[13,8,16,9],"texture":"#0"},"south":{"uv":[13,8,16,9],"texture":"#0"},"west":{"uv":[13,7,16,8],"texture":"#0"},"up":{"uv":[13,8,16,11],"texture":"#0"},"down":{"uv":[13,8,16,11],"texture":"#0"}}},{"from":[4.01,6.71,7.01],"to":[6.99,8.69,8.99],"rotation":{"angle":22.5,"axis":"z","origin":[4,8,8]},"faces":{"north":{"uv":[5,2,2,4],"texture":"#0"},"east":{"uv":[2,2,0,4],"texture":"#0"},"south":{"uv":[7,4,10,2],"rotation":180,"texture":"#0"},"west":{"uv":[7,2,5,4],"texture":"#0"},"up":{"uv":[2,0,5,2],"rotation":180,"texture":"#0"},"down":{"uv":[7,2,10,4],"texture":"#0"}}}],"display":{"thirdperson_righthand":{"rotation":[66.76,-59.77,22.14],"translation":[-0.75,2.25,1.25],"scale":[0.85,0.85,0.85]},"thirdperson_lefthand":{"rotation":[67,-59,22],"translation":[-0.75,2.25,1.25],"scale":[0.85,0.85,0.85]},"firstperson_righthand":{"rotation":[168,70.75,-180],"translation":[0,2.25,0],"scale":[0.85,0.85,0.85]},"firstperson_lefthand":{"rotation":[168,70,-180],"translation":[0,2.25,0],"scale":[0.85,0.85,0.85]},"ground":{"translation":[0,3.25,0],"scale":[0.85,0.85,0.85]},"gui":{"rotation":[-163.63,48.87,-177.8],"translation":[0,3.5,0.5],"scale":[1.2,1.2,1.2]},"head":{"translation":[0,7.5,0],"scale":[1.85,1.85,1.85]},"fixed":{"translation":[0,3.75,0],"scale":[1.41,1.41,1.41]}},"groups":[{"name":"pink_gamer_headset","origin":[4,8,8],"color":0,"nbt":"{}","armAnimationEnabled":false,"children":[0,1,2,3,4,5,6,7,8,9,10,11]}]}