{"credit":"Made with Blockbench","parent":"rice_hat","texture_size":[32,32],"textures":{"0":"item/rice_hat","particle":"item/rice_hat"},"elements":[{"from":[0,-1,0],"to":[16,2,16],"rotation":{"angle":0,"axis":"y","origin":[8,2,8]},"faces":{"north":{"uv":[0,8,8,9.5],"texture":"#0"},"east":{"uv":[0,8,8,9.5],"texture":"#0"},"south":{"uv":[0,8,8,9.5],"texture":"#0"},"west":{"uv":[0,8,8,9.5],"texture":"#0"},"up":{"uv":[0,0,8,8],"texture":"#0"}}},{"from":[2,2,2],"to":[14,3,14],"rotation":{"angle":0,"axis":"y","origin":[8,2,8]},"faces":{"north":{"uv":[8,6,14,6.5],"texture":"#0"},"east":{"uv":[8,6,14,6.5],"texture":"#0"},"south":{"uv":[8,6,14,6.5],"texture":"#0"},"west":{"uv":[8,6,14,6.5],"texture":"#0"},"up":{"uv":[8,0,14,6],"texture":"#0"}}},{"from":[4,3,4],"to":[12,4,12],"rotation":{"angle":0,"axis":"y","origin":[8,2,8]},"faces":{"north":{"uv":[8,10.5,12,11],"texture":"#0"},"east":{"uv":[8,10.5,12,11],"texture":"#0"},"south":{"uv":[8,10.5,12,11],"texture":"#0"},"west":{"uv":[8,10.5,12,11],"texture":"#0"},"up":{"uv":[8,6.5,12,10.5],"texture":"#0"}}}],"display":{"thirdperson_righthand":{"rotation":[75,45,0],"translation":[0,2.5,1.5],"scale":[0.375,0.375,0.375]},"thirdperson_lefthand":{"rotation":[75,45,0],"translation":[0,2.5,1.5],"scale":[0.375,0.375,0.375]},"firstperson_righthand":{"rotation":[0,45,0],"translation":[2.5,3,0],"scale":[0.4,0.4,0.4]},"firstperson_lefthand":{"rotation":[0,45,0],"translation":[2.5,3,0],"scale":[0.4,0.4,0.4]},"ground":{"translation":[0,1,0],"scale":[0.35,0.35,0.35]},"gui":{"rotation":[30,225,0],"translation":[0,3.5,0],"scale":[0.625,0.625,0.625]},"head":{"translation":[0,14.25,0],"scale":[1.62,1.62,1.62]},"fixed":{"translation":[0,3.5,0],"scale":[0.5,0.5,0.5]}},"groups":[{"name":"rice_hat","origin":[8,8,8],"color":0,"nbt":"{}","armAnimationEnabled":false,"children":[0,1,2]}]}