{
    "parent": "minecraft:item/generated",
    "textures": {
      "layer0": "minecraft:item/tropical_fish"
    },
    "overrides": [
      {"predicate": {"custom_model_data":1}, "model": "item/tropical_fish_1"},
      {"predicate": {"custom_model_data":2}, "model": "item/tropical_fish_2"},
      {"predicate": {"custom_model_data":3}, "model": "item/tropical_fish_3"},
      {"predicate": {"custom_model_data":4}, "model": "item/tropical_fish_4"},
      {"predicate": {"custom_model_data":5}, "model": "item/tropical_fish_5"},
      {"predicate": {"custom_model_data":6}, "model": "item/tropical_fish_6"},
      {"predicate": {"custom_model_data":7}, "model": "item/tropical_fish_7"}
    ]
  }